﻿<?xml version="1.0" encoding="utf-8"?>
<inventory>
  <item>
    <name>Teal Trapezoid</name>
    <itemNumber>TTTT-T</itemNumber>
    <unitPrice>8.25</unitPrice>
    <quantity>414</quantity>
  </item>
  <item>
    <name>Puce Parallelogram</name>
    <itemNumber>4400-P</itemNumber>
    <unitPrice>9.99</unitPrice>
    <quantity>97</quantity>
  </item>
  <item>
    <name>Powder Blue Prism</name>
    <itemNumber>3110-PBP</itemNumber>
    <unitPrice>9.50</unitPrice>
    <quantity>12</quantity>
  </item>
</inventory>