﻿<?xml version="1.0" encoding="utf-8"?>
<inventory>
  <item>
    <name>Blue Ball</name>
    <itemNumber>7111</itemNumber>
    <unitPrice>4.95</unitPrice>
    <quantity>450</quantity>
  </item>
  <item>
    <name>Orange Octagon</name>
    <itemNumber>8888</itemNumber>
    <unitPrice>14.95</unitPrice>
    <quantity>332</quantity>
  </item>
  <item>
    <name>Red Rhombus</name>
    <itemNumber>7001-RH</itemNumber>
    <unitPrice>5.50</unitPrice>
    <quantity>43</quantity>
  </item>
  <item>
    <name>Pink Pentagon</name>
    <itemNumber>5000P</itemNumber>
    <unitPrice>9.95</unitPrice>
    <quantity>343</quantity>
  </item>
  <item>
    <name>Purple Point</name>
    <itemNumber>1001-PP</itemNumber>
    <unitPrice>0.25</unitPrice>
    <quantity>50</quantity>
  </item>
</inventory>